{
  "generated_at": "2026-06-03T14:19:36.569Z",
  "methodology": {
    "sample": 5000,
    "horizon_min": 60,
    "tp_pct": 2,
    "sl_pct": 1.5,
    "source": "top_gainers_log"
  },
  "candidates_processed": 1518,
  "outcome_distribution": {
    "WIN": 418,
    "LOSE": 1071,
    "NEUTRAL": 29,
    "NO_DATA": 3429
  },
  "market_distribution": {
    "asia_equity": 3132,
    "eu_equity": 71,
    "us_equity_large": 580,
    "us_equity_small_mid": 1217
  },
  "indicators": {
    "rsi14": {
      "n": 1518,
      "n_wins": 418,
      "n_losses": 1071,
      "all": {
        "p25": 41.43384761914612,
        "p50": 47.725471999466954,
        "p75": 54.25479923938282
      },
      "wins": {
        "p25": 47.86154850070184,
        "p50": 53.19301244059751,
        "p75": 60.41025176641822
      },
      "losses": {
        "p25": 39.24711208862045,
        "p50": 45.52012174128787,
        "p75": 51.29502850316917
      }
    },
    "macd": {
      "n": 1518,
      "n_wins": 418,
      "n_losses": 1071,
      "all": {
        "p25": -7.9616914694157686,
        "p50": -0.12577123306496318,
        "p75": 0.1778552058382683
      },
      "wins": {
        "p25": -0.20691765561024056,
        "p50": 0.18409620589548403,
        "p75": 1.1363956708520746
      },
      "losses": {
        "p25": -14.848777937453633,
        "p50": -0.25346869181775133,
        "p75": -0.004492987088585032
      }
    },
    "macd_signal": {
      "n": 1518,
      "n_wins": 418,
      "n_losses": 1071,
      "all": {
        "p25": -7.669274588613674,
        "p50": -0.08332362887676875,
        "p75": 0.31407068085572104
      },
      "wins": {
        "p25": -0.07265315763884037,
        "p50": 0.2380622219718986,
        "p75": 1.3107420974953776
      },
      "losses": {
        "p25": -19.963006097858777,
        "p50": -0.2579530566242083,
        "p75": 0.0028388050253827252
      }
    },
    "macd_hist": {
      "n": 1518,
      "n_wins": 418,
      "n_losses": 1071,
      "all": {
        "p25": -0.13632873222756842,
        "p50": 0.0029819532306796168,
        "p75": 1.8612671558640452
      },
      "wins": {
        "p25": -0.6849908713154476,
        "p50": -0.05935795302895844,
        "p75": 0.034229306281809285
      },
      "losses": {
        "p25": -0.041457993726661424,
        "p50": 0.021277874846639983,
        "p75": 4.835983919846898
      }
    },
    "bb_upper": {
      "n": 1518,
      "n_wins": 418,
      "n_losses": 1071,
      "all": {
        "p25": 40.73407346631635,
        "p50": 332.9208024839593,
        "p75": 12260.920993197851
      },
      "wins": {
        "p25": 24.386629398609603,
        "p50": 347.7059782744336,
        "p75": 4520.710748339323
      },
      "losses": {
        "p25": 42.49885959666033,
        "p50": 332.3506837391272,
        "p75": 12970.65715503866
      }
    },
    "bb_mid": {
      "n": 1518,
      "n_wins": 418,
      "n_losses": 1071,
      "all": {
        "p25": 38.863499387500006,
        "p50": 327.29424415,
        "p75": 12160.125
      },
      "wins": {
        "p25": 22.99212432500001,
        "p50": 343.586249125,
        "p75": 4442.1875
      },
      "losses": {
        "p25": 42.241874624999994,
        "p50": 326.0429976,
        "p75": 12583.75
      }
    },
    "bb_lower": {
      "n": 1518,
      "n_wins": 418,
      "n_losses": 1071,
      "all": {
        "p25": 37.867262262443404,
        "p50": 321.5280396030063,
        "p75": 12031.541345422107
      },
      "wins": {
        "p25": 22.556751109652367,
        "p50": 339.3049164852482,
        "p75": 4310.092021137343
      },
      "losses": {
        "p25": 41.87707386544784,
        "p50": 319.73531146087277,
        "p75": 12112.12091183974
      }
    },
    "bb_pct_b": {
      "n": 1518,
      "n_wins": 418,
      "n_losses": 1071,
      "all": {
        "p25": 0.24844040518840424,
        "p50": 0.45253201678835203,
        "p75": 0.6868835407061178
      },
      "wins": {
        "p25": 0.33737010008740037,
        "p50": 0.5243413195775322,
        "p75": 0.7320767478513741
      },
      "losses": {
        "p25": 0.21667611338367015,
        "p50": 0.41978888151003146,
        "p75": 0.6592072869190324
      }
    },
    "atr14": {
      "n": 1518,
      "n_wins": 418,
      "n_losses": 1071,
      "all": {
        "p25": 0.20328411677548786,
        "p50": 1.3940027571873754,
        "p75": 85.44468781871288
      },
      "wins": {
        "p25": 0.25151391128547756,
        "p50": 1.1504415332049955,
        "p75": 55.45844629619876
      },
      "losses": {
        "p25": 0.1771284390677461,
        "p50": 4.734145070599952,
        "p75": 87.09597521974166
      }
    },
    "atr14_pct": {
      "n": 1518,
      "n_wins": 418,
      "n_losses": 1071,
      "all": {
        "p25": 0.5064811625945214,
        "p50": 0.7349650448895368,
        "p75": 1.2461334143803329
      },
      "wins": {
        "p25": 0.5505298036105217,
        "p50": 0.8080093903949377,
        "p75": 1.520189777597506
      },
      "losses": {
        "p25": 0.4936650845077806,
        "p50": 0.7111714978492019,
        "p75": 1.0762602615846557
      }
    },
    "adx14": {
      "n": 1518,
      "n_wins": 418,
      "n_losses": 1071,
      "all": {
        "p25": 17.972395302687133,
        "p50": 25.75489577800473,
        "p75": 34.06166152097206
      },
      "wins": {
        "p25": 18.504009483421363,
        "p50": 26.43672047175688,
        "p75": 32.888773782522
      },
      "losses": {
        "p25": 17.715040423147478,
        "p50": 25.86943756744982,
        "p75": 34.443455574546284
      }
    }
  }
}