{
  "generated_at": "2026-06-03T14:01:36.711Z",
  "methodology": {
    "sample": 500,
    "horizon_min": 60,
    "tp_pct": 2,
    "sl_pct": 1.5,
    "source": "top_gainers_log"
  },
  "candidates_processed": 84,
  "outcome_distribution": {
    "WIN": 75,
    "LOSE": 9,
    "NEUTRAL": 0,
    "NO_DATA": 385
  },
  "market_distribution": {
    "us_equity_large": 81,
    "asia_equity": 380,
    "eu_equity": 16,
    "us_equity_small_mid": 23
  },
  "indicators": {
    "rsi14": {
      "n": 84,
      "n_wins": 75,
      "n_losses": 9,
      "all": {
        "p25": 46.00038994962716,
        "p50": 52.93519781688798,
        "p75": 61.82227880883583
      },
      "wins": {
        "p25": 47.79503480366024,
        "p50": 54.52389303519013,
        "p75": 63.80240165141912
      },
      "losses": {
        "p25": 41.154073699119536,
        "p50": 42.53040460336327,
        "p75": 44.55371142450553
      }
    },
    "macd": {
      "n": 84,
      "n_wins": 75,
      "n_losses": 9,
      "all": {
        "p25": -0.12319855719395889,
        "p50": 0.5618553239129511,
        "p75": 1.3550137456054685
      },
      "wins": {
        "p25": 0.1008781593353234,
        "p50": 0.738248612105366,
        "p75": 1.4377645632137899
      },
      "losses": {
        "p25": -1.5228890071991827,
        "p50": -1.1720624184819712,
        "p75": -0.32308904111550873
      }
    },
    "macd_signal": {
      "n": 84,
      "n_wins": 75,
      "n_losses": 9,
      "all": {
        "p25": 0.14510635104667535,
        "p50": 0.8857737900371053,
        "p75": 1.3160898715448348
      },
      "wins": {
        "p25": 0.27156445739986346,
        "p50": 0.9578040745134226,
        "p75": 1.3956524468681222
      },
      "losses": {
        "p25": -1.4402565565167884,
        "p50": -0.4155240692825417,
        "p75": 0.33393655169874553
      }
    },
    "macd_hist": {
      "n": 84,
      "n_wins": 75,
      "n_losses": 9,
      "all": {
        "p25": -0.33491861034297954,
        "p50": -0.14764850334683882,
        "p75": 0.022637640513057444
      },
      "wins": {
        "p25": -0.3059672754356333,
        "p50": -0.12332988372516568,
        "p75": 0.053776712698288875
      },
      "losses": {
        "p25": -0.6570255928142543,
        "p50": -0.37095281077813813,
        "p75": -0.28388502225270207
      }
    },
    "bb_upper": {
      "n": 84,
      "n_wins": 75,
      "n_losses": 9,
      "all": {
        "p25": 195.97786893361865,
        "p50": 331.7424752643507,
        "p75": 352.2552144275493
      },
      "wins": {
        "p25": 195.64508947038803,
        "p50": 197.32052369435056,
        "p75": 353.1702314921366
      },
      "losses": {
        "p25": 330.81516620234163,
        "p50": 332.76877139668426,
        "p75": 333.24657896242
      }
    },
    "bb_mid": {
      "n": 84,
      "n_wins": 75,
      "n_losses": 9,
      "all": {
        "p25": 193.67988471249998,
        "p50": 325.6829451,
        "p75": 349.0862433
      },
      "wins": {
        "p25": 193.591771175,
        "p50": 194.81716335000002,
        "p75": 349.66160990000003
      },
      "losses": {
        "p25": 325.0029921,
        "p50": 328.08174414999996,
        "p75": 329.48174570000003
      }
    },
    "bb_lower": {
      "n": 84,
      "n_wins": 75,
      "n_losses": 9,
      "all": {
        "p25": 192.2546563259283,
        "p50": 319.86127229709825,
        "p75": 345.884809179528
      },
      "wins": {
        "p25": 192.07200272468066,
        "p50": 193.6128962862296,
        "p75": 346.32609775931553
      },
      "losses": {
        "p25": 319.6665327205563,
        "p50": 323.14216546337457,
        "p75": 325.37347490953664
      }
    },
    "bb_pct_b": {
      "n": 84,
      "n_wins": 75,
      "n_losses": 9,
      "all": {
        "p25": 0.20146215607332588,
        "p50": 0.4146561829728467,
        "p75": 0.7374836429781501
      },
      "wins": {
        "p25": 0.283268744104757,
        "p50": 0.45500072626676735,
        "p75": 0.7404499040859214
      },
      "losses": {
        "p25": 0.041533925897167444,
        "p50": 0.1390460367051415,
        "p75": 0.25694447308823415
      }
    },
    "atr14": {
      "n": 84,
      "n_wins": 75,
      "n_losses": 9,
      "all": {
        "p25": 0.9722760115205479,
        "p50": 1.3746587099822278,
        "p75": 1.7537397970805204
      },
      "wins": {
        "p25": 0.9508524431884292,
        "p50": 1.2186312027211426,
        "p75": 1.5639300533021188
      },
      "losses": {
        "p25": 4.507396808499324,
        "p50": 5.10361637028773,
        "p75": 5.895078037579169
      }
    },
    "atr14_pct": {
      "n": 84,
      "n_wins": 75,
      "n_losses": 9,
      "all": {
        "p25": 0.3926461077187735,
        "p50": 0.4882886674813305,
        "p75": 0.7204144013099448
      },
      "wins": {
        "p25": 0.38709677384550656,
        "p50": 0.44479405088398993,
        "p75": 0.630415638604523
      },
      "losses": {
        "p25": 1.3989442418801958,
        "p50": 1.5825167039651877,
        "p75": 1.8122502323781868
      }
    },
    "adx14": {
      "n": 84,
      "n_wins": 75,
      "n_losses": 9,
      "all": {
        "p25": 16.350822892453785,
        "p50": 26.78146690929677,
        "p75": 32.35398628518965
      },
      "wins": {
        "p25": 19.97428603704754,
        "p50": 27.877387278934094,
        "p75": 33.16915829062997
      },
      "losses": {
        "p25": 12.76039703265648,
        "p50": 14.082707219338193,
        "p75": 14.913085153598638
      }
    }
  }
}