{
  "generated_at": "2026-06-03T13:58:39.749Z",
  "trades_processed": 95,
  "outcome_distribution": {
    "NEUTRAL": 25,
    "LOSER": 36,
    "WINNER": 48
  },
  "indicators": {
    "rsi14": {
      "n": 95,
      "n_winners": 44,
      "n_losers": 30,
      "all": {
        "p25": 47.5461970955025,
        "p50": 60.85235283278947,
        "p75": 68.07762364153024
      },
      "winners": {
        "p25": 47.63683293856707,
        "p50": 62.864833893062695,
        "p75": 68.07762364153024
      },
      "losers": {
        "p25": 48.0767105601445,
        "p50": 60.85235283278947,
        "p75": 69.28533113113446
      }
    },
    "macd": {
      "n": 95,
      "n_winners": 44,
      "n_losers": 30,
      "all": {
        "p25": -0.10970581102653654,
        "p50": 0.030238163355789993,
        "p75": 0.6132867679917524
      },
      "winners": {
        "p25": -0.12639771795582533,
        "p50": 0.11327792878329035,
        "p75": 0.6132867679917524
      },
      "losers": {
        "p25": 0.010805180663993497,
        "p50": 0.021558338543002264,
        "p75": 5.336256620140375
      }
    },
    "macd_signal": {
      "n": 95,
      "n_winners": 44,
      "n_losers": 30,
      "all": {
        "p25": -0.15110543427109208,
        "p50": 0.020625455750629986,
        "p75": 0.5914949365367447
      },
      "winners": {
        "p25": -0.18485665651200664,
        "p50": 0.10380441627538466,
        "p75": 0.5343271360393248
      },
      "losers": {
        "p25": -0.05274641506761644,
        "p50": 0.020625455750629986,
        "p75": 4.416859892243543
      }
    },
    "macd_hist": {
      "n": 95,
      "n_winners": 44,
      "n_losers": 30,
      "all": {
        "p25": 0.015553856468337467,
        "p50": 0.05845893855618131,
        "p75": 0.2781153965955653
      },
      "winners": {
        "p25": 0.023920704355280265,
        "p50": 0.06100526714389562,
        "p75": 0.18948649735808415
      },
      "losers": {
        "p25": -0.0019217423982272209,
        "p50": 0.06355159573160993,
        "p75": 0.9193967278968325
      }
    },
    "bb_upper": {
      "n": 95,
      "n_winners": 44,
      "n_losers": 30,
      "all": {
        "p25": 42.48058193758663,
        "p50": 88.44319966217898,
        "p75": 584.5450617874392
      },
      "winners": {
        "p25": 85.446375923743,
        "p50": 94.19516934300964,
        "p75": 583.3147612928042
      },
      "losers": {
        "p25": 38.14089822690312,
        "p50": 55.35781671843131,
        "p75": 899.0873701322582
      }
    },
    "bb_mid": {
      "n": 95,
      "n_winners": 44,
      "n_losers": 30,
      "all": {
        "p25": 42.17574950000001,
        "p50": 86.9049998,
        "p75": 580.2436961750001
      },
      "winners": {
        "p25": 84.10774992500001,
        "p50": 93.90849945,
        "p75": 578.095227375
      },
      "losers": {
        "p25": 36.828244699999985,
        "p50": 54.671999249999985,
        "p75": 874.1190061500001
      }
    },
    "bb_lower": {
      "n": 95,
      "n_winners": 44,
      "n_losers": 30,
      "all": {
        "p25": 41.87091706241339,
        "p50": 85.36679993782101,
        "p75": 576.0223699049263
      },
      "winners": {
        "p25": 82.769123926257,
        "p50": 93.62182955699035,
        "p75": 572.8756934571959
      },
      "losers": {
        "p25": 35.51559117309685,
        "p50": 53.98618178156866,
        "p75": 849.150642167742
      }
    },
    "bb_pct_b": {
      "n": 95,
      "n_winners": 44,
      "n_losers": 30,
      "all": {
        "p25": 0.41246815753002586,
        "p50": 0.8559356059390243,
        "p75": 0.9515878596989946
      },
      "winners": {
        "p25": 0.6893340511167786,
        "p50": 0.8559356059390243,
        "p75": 0.980127733125131
      },
      "losers": {
        "p25": 0.2741762322558794,
        "p50": 0.9481870311147188,
        "p75": 0.9549886882832703
      }
    },
    "atr14": {
      "n": 95,
      "n_winners": 44,
      "n_losers": 30,
      "all": {
        "p25": 0.14535937503907914,
        "p50": 0.40066265371827986,
        "p75": 3.651178668155021
      },
      "winners": {
        "p25": 0.19503534387090452,
        "p50": 0.40066265371827986,
        "p75": 2.579044216410569
      },
      "losers": {
        "p25": 0.14535937503907914,
        "p50": 0.8065327074870171,
        "p75": 5.519288309559373
      }
    },
    "atr14_pct": {
      "n": 95,
      "n_winners": 44,
      "n_losers": 30,
      "all": {
        "p25": 0.27705042026374355,
        "p50": 0.4552984701344089,
        "p75": 0.8692399624473598
      },
      "winners": {
        "p25": 0.2258647434293679,
        "p50": 0.4026445040278635,
        "p75": 0.5655005365150876
      },
      "losers": {
        "p25": 0.2628443583694754,
        "p50": 0.4824067034316079,
        "p75": 1.4390072262484848
      }
    },
    "adx14": {
      "n": 95,
      "n_winners": 44,
      "n_losers": 30,
      "all": {
        "p25": 22.177149006065495,
        "p50": 26.515579662139153,
        "p75": 35.09769709408427
      },
      "winners": {
        "p25": 22.279807476720414,
        "p50": 28.072820085461462,
        "p75": 40.33168935752345
      },
      "losers": {
        "p25": 23.594349693002634,
        "p50": 26.38500751318222,
        "p75": 33.77685552662771
      }
    }
  }
}