{
  "generated_at": "2026-06-03T15:11:11.108Z",
  "sample": 5000,
  "horizon_min": 60,
  "processed": 2750,
  "grid": {
    "0.8/1": {
      "win": 1462,
      "lose": 1199,
      "neutral": 89
    },
    "0.8/1.5": {
      "win": 1493,
      "lose": 1159,
      "neutral": 98
    },
    "0.8/2": {
      "win": 1502,
      "lose": 1150,
      "neutral": 98
    },
    "1/1": {
      "win": 1434,
      "lose": 1221,
      "neutral": 95
    },
    "1/1.5": {
      "win": 1465,
      "lose": 1181,
      "neutral": 104
    },
    "1/2": {
      "win": 1474,
      "lose": 1172,
      "neutral": 104
    },
    "1.25/1": {
      "win": 1419,
      "lose": 1234,
      "neutral": 97
    },
    "1.25/1.5": {
      "win": 1443,
      "lose": 1193,
      "neutral": 114
    },
    "1.25/2": {
      "win": 1451,
      "lose": 1184,
      "neutral": 115
    },
    "1.5/1": {
      "win": 1408,
      "lose": 1238,
      "neutral": 104
    },
    "1.5/1.5": {
      "win": 1432,
      "lose": 1196,
      "neutral": 122
    },
    "1.5/2": {
      "win": 1440,
      "lose": 1187,
      "neutral": 123
    },
    "2/1": {
      "win": 1388,
      "lose": 1255,
      "neutral": 107
    },
    "2/1.5": {
      "win": 1413,
      "lose": 1212,
      "neutral": 125
    },
    "2/2": {
      "win": 1422,
      "lose": 1202,
      "neutral": 126
    },
    "2.5/1": {
      "win": 1377,
      "lose": 1265,
      "neutral": 108
    },
    "2.5/1.5": {
      "win": 1403,
      "lose": 1221,
      "neutral": 126
    },
    "2.5/2": {
      "win": 1412,
      "lose": 1209,
      "neutral": 129
    },
    "3/1": {
      "win": 1369,
      "lose": 1272,
      "neutral": 109
    },
    "3/1.5": {
      "win": 1397,
      "lose": 1226,
      "neutral": 127
    },
    "3/2": {
      "win": 1406,
      "lose": 1214,
      "neutral": 130
    }
  },
  "top": [
    {
      "tp": 3,
      "sl": 1,
      "n": 2750,
      "wr": 0.5183642559636501,
      "exp": 1.030909090909091,
      "win": 1369,
      "lose": 1272,
      "neutral": 109
    },
    {
      "tp": 3,
      "sl": 1.5,
      "n": 2750,
      "wr": 0.5325962638200534,
      "exp": 0.8552727272727273,
      "win": 1397,
      "lose": 1226,
      "neutral": 127
    },
    {
      "tp": 2.5,
      "sl": 1,
      "n": 2750,
      "wr": 0.5211960635881908,
      "exp": 0.7918181818181819,
      "win": 1377,
      "lose": 1265,
      "neutral": 108
    },
    {
      "tp": 3,
      "sl": 2,
      "n": 2750,
      "wr": 0.5366412213740458,
      "exp": 0.6509090909090909,
      "win": 1406,
      "lose": 1214,
      "neutral": 130
    },
    {
      "tp": 2.5,
      "sl": 1.5,
      "n": 2750,
      "wr": 0.5346798780487805,
      "exp": 0.6094545454545455,
      "win": 1403,
      "lose": 1221,
      "neutral": 126
    },
    {
      "tp": 2,
      "sl": 1,
      "n": 2750,
      "wr": 0.5251608021188043,
      "exp": 0.5530909090909091,
      "win": 1388,
      "lose": 1255,
      "neutral": 107
    },
    {
      "tp": 2.5,
      "sl": 2,
      "n": 2750,
      "wr": 0.5387256772224341,
      "exp": 0.40436363636363637,
      "win": 1412,
      "lose": 1209,
      "neutral": 129
    },
    {
      "tp": 2,
      "sl": 1.5,
      "n": 2750,
      "wr": 0.5382857142857143,
      "exp": 0.36654545454545456,
      "win": 1413,
      "lose": 1212,
      "neutral": 125
    },
    {
      "tp": 1.5,
      "sl": 1,
      "n": 2750,
      "wr": 0.5321239606953893,
      "exp": 0.31781818181818183,
      "win": 1408,
      "lose": 1238,
      "neutral": 104
    },
    {
      "tp": 1.25,
      "sl": 1,
      "n": 2750,
      "wr": 0.5348661892197513,
      "exp": 0.19627272727272727,
      "win": 1419,
      "lose": 1234,
      "neutral": 97
    }
  ]
}